Sample,Label
"[[0.78621894 0.87021947 0.7801042 0.87738633 0.77937704 0.8753842
  0.7547425 0.86347234 0.75545913 0.86047244 0.7497095 0.8122004
  0.7793317 0.81107634 0.7556961 0.68825954 0.7984366 0.69402623
  0.78506917 0.6002404 0.8078833 0.5847824 0.7335595 0.5786643 0.74406546
  0.5759433 0.7438633 0.43917832 0.77175796 0.43098912 0.72000456
  0.33020774 0.7472891 0.30311382]
 [0.7752273 0.87912154 0.7615156 0.88218987 0.7638898 0.880481 0.74586654
  0.85848904 0.7511187 0.8573169 0.74968785 0.8038533 0.78395736 0.803237
  0.7541457 0.68630564 0.78687453 0.68783003 0.78530014 0.6061284
  0.8075648 0.59034526 0.72953904 0.571646 0.74228215 0.5710942
  0.74337554 0.4428535 0.77108294 0.43309897 0.7234162 0.32902282
  0.7496727 0.30223575]
 [0.65791464 0.8615759 0.6403765 0.85983056 0.64234 0.8587276 0.64424956
  0.82822734 0.64882606 0.82355535 0.6637171 0.7666503 0.6844162
  0.7744477 0.69224685 0.68377215 0.7217392 0.6856886 0.7291548 0.6884466
  0.7901994 0.71407306 0.7270101 0.57550037 0.7418041 0.5790505 0.7306059
  0.4471674 0.7649825 0.4385297 0.7114508 0.33847886 0.74507207
  0.30224854]
 [0.54132265 0.77455133 0.52862275 0.76944464 0.53124213 0.7663692
  0.53488195 0.73544174 0.5422985 0.73210037 0.5913943 0.6947869
  0.6027291 0.7044656 0.7022276 0.6816055 0.7106003 0.692023 0.7901218
  0.682101 0.8155894 0.6921408 0.7280047 0.58369136 0.73758084 0.5865065
  0.74445266 0.4423315 0.7665231 0.440847 0.7279879 0.32124206 0.75518066
  0.28303623]
 [0.521145 0.7424197 0.50864214 0.7340311 0.5115783 0.73260033 0.51677644
  0.69815624 0.5259966 0.6977486 0.5847951 0.66713166 0.6019258
  0.68908525 0.7118175 0.68287224 0.7222099 0.69837147 0.79206264
  0.6794815 0.81715596 0.69587183 0.72813916 0.56653726 0.7380696
  0.5730385 0.7438257 0.43495047 0.76785713 0.43700546 0.73842996
  0.30998874 0.75618356 0.2871952]
 [0.5205153 0.73893803 0.5082601 0.72613037 0.51169217 0.73075855
  0.5174472 0.68950826 0.5291701 0.7001191 0.5846698 0.65937793 0.6073484
  0.6893572 0.70897657 0.67625654 0.72238165 0.6964694 0.7933867
  0.6752259 0.8159955 0.6934012 0.72976196 0.5669021 0.740018 0.5740442
  0.7417071 0.43449324 0.7698502 0.4366628 0.73749334 0.3121878 0.7570388
  0.2910284]
 [0.5190677 0.71826696 0.508325 0.69669956 0.5108985 0.7153321 0.5222351
  0.65730506 0.52837384 0.6988419 0.5875427 0.65289176 0.60725754 0.68975
  0.7048517 0.6772336 0.72163385 0.7028062 0.775963 0.66853815 0.8150043
  0.69470775 0.7281656 0.57046497 0.74183947 0.5883059 0.7386119
  0.43894136 0.7641422 0.4414088 0.7389663 0.31572512 0.76076066
  0.29355073]
 [0.521278 0.7216146 0.50879055 0.7000948 0.511155 0.7164034 0.52145344
  0.6578263 0.52803946 0.6982157 0.58732474 0.6518457 0.6036337 0.6894647
  0.70700634 0.67513466 0.7203672 0.701022 0.7797047 0.6665806 0.8143719
  0.69443417 0.7294371 0.57246727 0.74163646 0.59141415 0.73757935
  0.4401573 0.7642504 0.4416954 0.73369765 0.32265353 0.759843 0.29426342]
 [0.5293821 0.7450909 0.5162017 0.7321997 0.5203182 0.7370134 0.52375716
  0.69314283 0.5336845 0.70894885 0.588246 0.6550585 0.61029935
  0.69642144 0.711257 0.6791466 0.72423166 0.69827473 0.7899659 0.6752396
  0.81222963 0.6956828 0.7309272 0.5719525 0.7436665 0.58740115 0.7389074
  0.43753406 0.7699024 0.4397924 0.7371955 0.31800413 0.7614913
  0.28233922]
 [0.5355601 0.75772953 0.5225039 0.7503419 0.5252635 0.7485433 0.52919155
  0.71369135 0.5386765 0.7112395 0.58885354 0.67164016 0.60507834
  0.6967798 0.7107366 0.6778547 0.72108346 0.6938454 0.7884674 0.67807394
  0.81083876 0.69410056 0.72668517 0.57558095 0.7400825 0.583727
  0.7419962 0.4411512 0.7687287 0.43902996 0.7313284 0.3212426 0.75728333
  0.2837562]
 [0.5356982 0.75442 0.5209801 0.7498795 0.5235025 0.74213743 0.52803195
  0.71117127 0.5337468 0.7005851 0.58700454 0.67273337 0.6049518
  0.6971676 0.71140826 0.6813066 0.72135663 0.69730896 0.7867667
  0.6713523 0.8133106 0.6934809 0.7279804 0.57735896 0.7388626 0.5850418
  0.7406613 0.43968314 0.76878273 0.43788132 0.73212075 0.3256681 0.75711
  0.2959116]
 [0.5264522 0.73449135 0.5123053 0.7351381 0.5157543 0.7186093 0.52015954
  0.7045813 0.5280006 0.67985964 0.5825701 0.66942304 0.60685736
  0.6881153 0.7081083 0.6847369 0.71975654 0.6973526 0.7782655 0.679257
  0.81076384 0.6957307 0.72588813 0.5765611 0.73753 0.58256555 0.74179685
  0.43509343 0.7695196 0.43544725 0.73651797 0.31902888 0.75914705
  0.28776047]
 [0.5244836 0.7302153 0.5105212 0.72556615 0.51455796 0.71536946
  0.5203596 0.6904832 0.529009 0.6772463 0.5842067 0.661056 0.6067718
  0.685757 0.71252596 0.6790048 0.72365165 0.69114655 0.78010154
  0.6787312 0.81422764 0.6948887 0.7263406 0.568563 0.7387674 0.5743927
  0.739755 0.43042475 0.76846474 0.42942882 0.7361138 0.3117247
  0.75826854 0.28226337]
 [0.51316535 0.7342632 0.5015684 0.7240874 0.5051923 0.7202534 0.5132449
  0.6903031 0.52276444 0.686136 0.5850929 0.66235816 0.6040131 0.68628997
  0.71169573 0.67806584 0.72128075 0.69277877 0.7816322 0.6778956
  0.8114342 0.6941618 0.7279924 0.56972164 0.738603 0.57555604 0.7411467
  0.43203422 0.769044 0.43088025 0.73644876 0.3123003 0.7588565
  0.28073615]
 [0.52169245 0.7222683 0.50912476 0.7016242 0.51113534 0.7173211
  0.52018833 0.6587871 0.52705383 0.69917494 0.5857872 0.65280044
  0.6032207 0.6888455 0.7059488 0.6781352 0.7216208 0.70295084 0.7752532
  0.6698847 0.81594944 0.6944672 0.7277807 0.56860805 0.74026567
  0.58673614 0.7393196 0.4365322 0.7652599 0.44114906 0.7374617 0.3137061
  0.7613929 0.2834421]
 [0.5199582 0.73780686 0.50856125 0.72438943 0.51214355 0.72788054
  0.5196936 0.69053864 0.53093874 0.70091194 0.5864911 0.66533816 0.60923
  0.6875634 0.71008795 0.68098766 0.7228729 0.69951934 0.79169255
  0.6789498 0.81540644 0.6957954 0.72975206 0.56306267 0.74130714
  0.5696482 0.7422286 0.43315053 0.76906306 0.4331313 0.7374776
  0.31271133 0.7611538 0.27751547]
 [0.52953917 0.7452815 0.51683766 0.7367682 0.5194387 0.73364145
  0.5253931 0.6996749 0.5341163 0.6974227 0.588287 0.67242527 0.6113185
  0.69057345 0.71020573 0.68131876 0.7242675 0.69516605 0.79200524
  0.67857194 0.8159899 0.6945883 0.7289609 0.5750808 0.74015445
  0.57814056 0.7406092 0.4390469 0.76891726 0.4379286 0.7353145
  0.31555435 0.75962 0.28476268]
 [0.58158326 0.7951028 0.5675302 0.79947424 0.5676674 0.781981 0.5694054
  0.77874494 0.5713599 0.7438771 0.6110662 0.7271807 0.6197767 0.71812844
  0.7125065 0.68389803 0.7264901 0.68287516 0.77243954 0.7158604
  0.8118824 0.6961315 0.7311763 0.57904685 0.7378251 0.56913525 0.7403185
  0.44426242 0.76464474 0.44173926 0.72476745 0.3310282 0.75296235
  0.28290966]]",Bhujangasana
"[[0.5703675 0.6776938 0.5562466 0.69004935 0.557166 0.6661326 0.55799896
  0.7083758 0.5602489 0.6450026 0.6249305 0.72873044 0.6238374 0.6111809
  0.7269273 0.7456262 0.70378184 0.5969512 0.7940694 0.72605944 0.7827766
  0.6042517 0.7487713 0.6961444 0.7420092 0.63567495 0.76809037 0.705184
  0.7806509 0.61956084 0.8652615 0.6674614 0.85814935 0.6142839]
 [0.5502637 0.66776794 0.5398862 0.68018913 0.54025096 0.65783346
  0.54592437 0.6971925 0.5489876 0.6383553 0.61512405 0.7255936 0.6201966
  0.61066055 0.69006336 0.76206124 0.69196415 0.5776508 0.75808376
  0.77122474 0.7423859 0.57630295 0.741372 0.7080948 0.7388631 0.64172995
  0.75796694 0.7225843 0.76144505 0.6074376 0.8652846 0.68266666
  0.8695797 0.6094364]
 [0.5732584 0.68039894 0.55867046 0.69021064 0.5596836 0.6697877
  0.5580801 0.7059817 0.56204516 0.64830416 0.60334927 0.73159075
  0.6031378 0.6229302 0.65086377 0.79885364 0.66036135 0.5599816 0.680936
  0.82475114 0.699602 0.5986953 0.7338203 0.71041054 0.7453091 0.6382035
  0.6882598 0.78397614 0.7261785 0.6110195 0.7833749 0.7083866 0.79019517
  0.73460203]
 [0.53302026 0.6783943 0.5221519 0.6882818 0.52329487 0.66463023
  0.5261061 0.70515937 0.5312647 0.644473 0.5940236 0.73275167 0.6044994
  0.6146502 0.6686216 0.766941 0.70413035 0.59565413 0.75364554 0.8027158
  0.7819004 0.57221675 0.74399817 0.72550076 0.751397 0.66838646
  0.77641714 0.7963434 0.7554857 0.5895238 0.8087783 0.7441533 0.81961846
  0.64698744]
 [0.5292208 0.6726375 0.516738 0.684856 0.5175968 0.66039914 0.52234274
  0.70191187 0.5257178 0.6417752 0.59059846 0.72755915 0.5954559
  0.61151594 0.6538512 0.7548253 0.6647566 0.5994785 0.7229308 0.79608285
  0.7364636 0.5895393 0.72618854 0.7094734 0.7336615 0.64405257 0.7601887
  0.777984 0.7492318 0.6000588 0.8064745 0.73246986 0.81157243 0.70764834]
 [0.5269142 0.68406594 0.51629996 0.6935388 0.5160985 0.67057633
  0.5205002 0.7088451 0.5250941 0.6493766 0.5880457 0.73150104 0.5894777
  0.61731315 0.65065974 0.7650357 0.6708496 0.6008604 0.7235643 0.8014494
  0.7337728 0.59027195 0.7227403 0.7138397 0.7304887 0.6441432 0.7534623
  0.7814959 0.74863 0.5972842 0.79887444 0.7379704 0.81350595 0.6885427]
 [0.5286296 0.681224 0.51796705 0.69112676 0.5178034 0.6676752 0.5212086
  0.7071815 0.5253265 0.6487341 0.58807087 0.7295479 0.5894759 0.6163665
  0.64945626 0.76341623 0.6696886 0.59938025 0.7238321 0.8015199
  0.73548377 0.5860246 0.72344095 0.71380097 0.7316827 0.6453544
  0.75192344 0.77946204 0.7484895 0.59763205 0.79844266 0.72785276
  0.8071951 0.68692946]
 [0.52838284 0.6829867 0.51805305 0.6930392 0.51745796 0.6701096
  0.52174026 0.70898575 0.5250298 0.6498686 0.5875078 0.73072195
  0.5886425 0.61736906 0.64952815 0.7641465 0.6672814 0.59919053
  0.7221429 0.8020805 0.7321773 0.58588886 0.72351736 0.7155414 0.73039
  0.6457515 0.74945986 0.77848977 0.7482675 0.5956596 0.7984441
  0.72802347 0.8073985 0.6629604]
 [0.5281849 0.6843992 0.517837 0.69369423 0.51718885 0.6710869 0.52181125
  0.7083632 0.52528524 0.6498655 0.58762795 0.7303658 0.5899684 0.6173748
  0.65025455 0.7644591 0.6675764 0.5989036 0.7234296 0.8037581 0.7268675
  0.5894233 0.7217017 0.7156249 0.7280126 0.6465154 0.74706054 0.7793915
  0.74779165 0.5952942 0.7978303 0.72285265 0.80366343 0.68780017]
 [0.52547956 0.68109286 0.5135848 0.6909875 0.5154318 0.66805696
  0.5206294 0.70636725 0.52519643 0.64791083 0.58662546 0.7291828
  0.58979607 0.61657447 0.6494672 0.7644701 0.6674466 0.59935045
  0.7234862 0.8056569 0.73166764 0.5854154 0.7210904 0.7162544 0.7281812
  0.64869684 0.7418158 0.7878313 0.74787754 0.5932202 0.79658026
  0.72305053 0.80482495 0.6873723]
 [0.52795434 0.680676 0.5174491 0.6902191 0.517116 0.66726494 0.5218535
  0.7065745 0.5248778 0.6482794 0.5869571 0.7294956 0.59018904 0.616771
  0.65060383 0.76512134 0.66586304 0.5994348 0.7234936 0.8055402
  0.72751653 0.5887277 0.7191165 0.71681523 0.7276955 0.64844096
  0.73156124 0.7794987 0.74705654 0.59367776 0.79638803 0.72296494
  0.80417556 0.69215757]
 [0.5260471 0.6798015 0.5162148 0.6896279 0.5157359 0.66648847 0.5215431
  0.7063367 0.5243541 0.64754057 0.58664125 0.729293 0.58969736 0.6161888
  0.6508994 0.7653208 0.6677249 0.5988675 0.722689 0.80604464 0.728889
  0.58592904 0.71963793 0.71731794 0.72652686 0.6483948 0.7311938
  0.7785737 0.747596 0.5943112 0.7965936 0.7233075 0.8031408 0.6898572]
 [0.52979916 0.6718437 0.5191331 0.6821268 0.5194798 0.65951467 0.5235225
  0.7007148 0.5272184 0.64291495 0.5876985 0.7270839 0.5940093 0.6141534
  0.6493034 0.76484495 0.6741973 0.5991305 0.71872014 0.80558735
  0.72941434 0.5872853 0.72018653 0.7152792 0.7290252 0.6493091
  0.73956037 0.77727765 0.74787223 0.5952966 0.7967656 0.72405505
  0.80127156 0.6928517]
 [0.53452057 0.6569803 0.5235643 0.6683967 0.52758133 0.64626604
  0.52590644 0.68973625 0.5368018 0.63240105 0.5882024 0.7232037
  0.60333216 0.6107408 0.6516209 0.76468086 0.6726437 0.5966418
  0.72115844 0.80416155 0.7351396 0.58598197 0.7220874 0.72194844
  0.731918 0.6548081 0.7398778 0.7735213 0.7498354 0.5950454 0.79742795
  0.7238194 0.8032068 0.71122086]
 [0.5552862 0.68890613 0.5418996 0.70067316 0.5413382 0.6787456
  0.54282767 0.71443534 0.5420203 0.6577653 0.6045365 0.7270902 0.6036026
  0.61433643 0.6859192 0.72931474 0.6789379 0.600532 0.7470876 0.7137523
  0.7411091 0.6270338 0.74205863 0.700986 0.7449333 0.6418365 0.7328985
  0.77645963 0.7200358 0.5812161 0.7912097 0.7076117 0.79720557
  0.64476943]
 [0.58526343 0.6742199 0.5710109 0.68835825 0.5720578 0.6641004
  0.56530654 0.70495236 0.5625617 0.64626336 0.605745 0.72560453
  0.58589447 0.6072786 0.67703724 0.7684426 0.64615864 0.54742825
  0.70554256 0.7243954 0.6809387 0.59208024 0.7428216 0.6917088 0.7348374
  0.62332237 0.7412892 0.7998232 0.71213657 0.58119303 0.8136766
  0.6660785 0.80350405 0.6330504]
 [0.61357474 0.68712443 0.5987658 0.70070004 0.60342383 0.67508453
  0.5861963 0.71233803 0.5883498 0.6545664 0.5989321 0.73540753
  0.59670407 0.6157591 0.6608456 0.7848064 0.65764266 0.58552766
  0.6743855 0.771508 0.69361067 0.6774536 0.73835945 0.704417 0.7370003
  0.6376372 0.74893826 0.80013925 0.6934137 0.5823745 0.8102464 0.6568272
  0.795352 0.6578046]
 [0.59580815 0.7097285 0.5821472 0.7263493 0.58262473 0.7022035 0.574626
  0.73952395 0.5650455 0.68390304 0.608833 0.75098544 0.59806705
  0.64254194 0.67888105 0.72613496 0.69026184 0.6269974 0.7374921
  0.69337064 0.77047366 0.6161722 0.7264496 0.71395725 0.72979665
  0.6509883 0.7458834 0.79824626 0.7198782 0.59339476 0.7967215 0.6874083
  0.79099375 0.6237595]
 [0.5540178 0.6850659 0.5415236 0.6967227 0.54193676 0.67463636
  0.54557556 0.7122915 0.5481274 0.6553926 0.6144418 0.735418 0.6097601
  0.6205303 0.69790787 0.7182584 0.70610434 0.6065579 0.76251763
  0.6884734 0.7707567 0.60895807 0.7406585 0.69269747 0.7436323 0.6361949
  0.7572376 0.79419035 0.7646064 0.58704185 0.7913161 0.6716158
  0.80358344 0.6434697]
 [0.55681646 0.675111 0.5427679 0.68757445 0.54358613 0.66514456
  0.5470591 0.7073636 0.5488 0.6483659 0.61177945 0.7277104 0.6012988
  0.61370856 0.6977126 0.71080095 0.68481845 0.5948082 0.7692225
  0.67898345 0.7610279 0.58506626 0.7422902 0.6867604 0.7413976
  0.62531227 0.7618861 0.79212123 0.76055926 0.5737951 0.80414885
  0.66019386 0.80577296 0.6424738]
 [0.53894526 0.66946274 0.52882016 0.6809517 0.5313081 0.6571279
  0.5393965 0.69730324 0.5440271 0.635476 0.60905087 0.723938 0.6152279
  0.61339194 0.6826873 0.7486338 0.6889768 0.5920788 0.70286953 0.7702743
  0.75463676 0.57155365 0.75584316 0.70912457 0.7559783 0.64518136
  0.76270163 0.7920685 0.76194036 0.5928368 0.8253389 0.67756796
  0.8335175 0.6508077]
 [0.54212177 0.6711187 0.53240275 0.6813275 0.5329777 0.65875643 0.538657
  0.6999356 0.5432301 0.64101684 0.60649943 0.7253795 0.60908324
  0.6135142 0.68712497 0.73629576 0.6906289 0.5995951 0.747696 0.7636841
  0.75384647 0.5852535 0.74002343 0.7025306 0.74152356 0.64052 0.7639585
  0.7525361 0.7594006 0.6004347 0.80506676 0.7206224 0.81344527 0.619529]
 [0.5445635 0.67175066 0.53317976 0.6838222 0.53350383 0.6602466
  0.5394254 0.70146245 0.5421991 0.64200866 0.606697 0.7255531 0.6084373
  0.6121776 0.68485105 0.7349974 0.68736476 0.5998542 0.7420258 0.7611714
  0.7532067 0.5849599 0.73923683 0.70067596 0.73975277 0.6393107
  0.7611113 0.7525323 0.7557299 0.60082674 0.8152212 0.7108831 0.8111424
  0.61820537]
 [0.54301316 0.6702739 0.5321701 0.68059963 0.53346443 0.6580503
  0.5374361 0.69915533 0.5431701 0.6401303 0.6068253 0.72556925
  0.60792065 0.6120687 0.6805434 0.73454356 0.6827627 0.59912795
  0.7398722 0.7657066 0.7486673 0.5867431 0.73828614 0.69859105
  0.74040055 0.6381331 0.7596927 0.76377827 0.76349926 0.6121478
  0.80329996 0.73016566 0.82460994 0.6475252]
 [0.54473025 0.67067295 0.53340924 0.6811191 0.534657 0.65848494
  0.53814566 0.69957906 0.5435476 0.6404344 0.6063465 0.72507906
  0.60760164 0.6116944 0.67920387 0.7339458 0.6801717 0.5992462 0.737934
  0.76602167 0.74581903 0.5867517 0.73620355 0.7002497 0.7389562
  0.63930047 0.759765 0.7645972 0.75692374 0.6093223 0.8082812 0.71958256
  0.8143211 0.66934437]
 [0.54670453 0.67207557 0.5353205 0.68293077 0.53641486 0.66017145
  0.53929144 0.7004729 0.54377466 0.64102423 0.607009 0.7255672 0.6083508
  0.6110564 0.67837185 0.73543334 0.6811169 0.6002745 0.7356526 0.7657466
  0.7465742 0.58679414 0.73557514 0.7012694 0.7396665 0.64051354
  0.7561923 0.7647533 0.7544488 0.5999269 0.79333425 0.73558223 0.8093863
  0.6484647]
 [0.5477987 0.67278016 0.5351273 0.68449974 0.53602237 0.66171795
  0.5395605 0.7013406 0.54332924 0.6418792 0.606033 0.72510755 0.60760707
  0.6107764 0.67400306 0.7351366 0.67845076 0.60035485 0.734528 0.7661101
  0.74417806 0.59157425 0.73776704 0.7015955 0.74115974 0.6394109
  0.7589295 0.76737547 0.7555428 0.5996119 0.81151396 0.7147779 0.8170705
  0.6728824]
 [0.5480989 0.67183614 0.5355744 0.68367463 0.5362998 0.6610247 0.53974
  0.70127386 0.54364645 0.6417692 0.6065531 0.725429 0.6080402 0.6107908
  0.6769412 0.7356333 0.6769583 0.59978825 0.73649627 0.76447403
  0.7449268 0.5869317 0.73539543 0.70011145 0.738904 0.6384813 0.75651836
  0.76451916 0.754388 0.59888875 0.8055366 0.716314 0.8095602 0.65036666]
 [0.54821473 0.67211515 0.5357612 0.6837981 0.53627765 0.66142696
  0.540204 0.70106286 0.543533 0.6418748 0.6066388 0.7252913 0.60874546
  0.61123747 0.677187 0.7356919 0.67880934 0.60011196 0.7361719
  0.76592356 0.74409366 0.5904335 0.734735 0.6998529 0.7380669 0.64133745
  0.7556841 0.7648378 0.7533496 0.60001504 0.7918478 0.7361453 0.8092127
  0.670184]]",Padamasana
"[[0.56614625 0.45965046 0.55293095 ... 0.16784535 0.78641963 0.175924]
 [0.58929753 0.60549337 0.5805631 ... 0.24593411 0.7586593 0.23627032]
 [0.70331955 0.8116763 0.71534896 ... 0.25567624 0.7509084 0.26122922]
 ...
 [0.71785796 0.8157788 0.7242114 ... 0.2505503 0.75825286 0.26038656]
 [0.7187433 0.8182274 0.7242809 ... 0.255601 0.7571761 0.26306567]
 [0.71946615 0.8156701 0.7242149 ... 0.252559 0.75914466 0.26203403]]",Shavasana
"[[0.24351352 0.734712 0.23264247 ... 0.76114774 0.7981383 0.62809616]
 [0.2498473 0.74517053 0.23727828 ... 0.76682174 0.7961817 0.69951946]
 [0.2548798 0.75741076 0.24207303 ... 0.7690037 0.79639035 0.703457]
 ...
 [0.24690664 0.74012846 0.23542309 ... 0.75202256 0.7431548 0.6988539]
 [0.24767867 0.7421756 0.2360562 ... 0.75101423 0.744969 0.69920915]
 [0.24980792 0.7348397 0.23881379 ... 0.74940217 0.7395755 0.7001957]]",Tadasana
"[[0.3708398 0.62254435 0.35274792 ... 0.9029268 0.8052393 0.6358768]
 [0.49892002 0.5814639 0.48024642 ... 0.90988934 0.79569453 0.6349314]
 [0.52430356 0.5684762 0.5042081 ... 0.90806717 0.79063576 0.63573605]
 ...
 [0.52304876 0.6026015 0.50200456 ... 0.91649336 0.8326969 0.59836334]
 [0.52099955 0.60100853 0.4995322 ... 0.9154839 0.83448476 0.59797865]
 [0.5066301 0.6075036 0.48297843 ... 0.91548324 0.8319218 0.5974457]]",Trikonasana
"[[0.26808304 0.8211294 0.25910568 ... 0.76234543 0.60088223 0.7391627]
 [0.2778358 0.85855466 0.26661438 ... 0.7670488 0.55282074 0.7135033]
 [0.2537699 0.82398623 0.24288641 ... 0.7594657 0.58235013 0.74015564]
 ...
 [0.25339785 0.8039915 0.24227454 ... 0.77565014 0.58761525 0.74025196]
 [0.24889512 0.7716265 0.23681705 ... 0.77392244 0.64821106 0.71605635]
 [0.24714491 0.6317275 0.23419589 ... 0.6365852 0.7843492 0.6509628]]",Vrikshasana
"[[0.65662384 0.69840145 0.6559289 ... 0.1990586 0.75701845 0.17247826]
 [0.63556063 0.7314764 0.6275038 ... 0.18533571 0.7648097 0.16729198]
 [0.7125776 0.7365576 0.7066527 ... 0.20259689 0.7466174 0.1856074]
 ...
 [0.51936007 0.6665524 0.51650447 ... 0.21441126 0.7701654 0.17791611]
 [0.52058756 0.66881317 0.5171803 ... 0.2130807 0.77125746 0.17614059]
 [0.52300024 0.66926175 0.5192056 ... 0.21534166 0.7703636 0.18005015]]",Bhujangasana
"[[0.56474745 0.5967919 0.55135554 ... 0.5781606 0.81408733 0.5570022]
 [0.5427944 0.550183 0.52947986 ... 0.54049635 0.75949484 0.52681184]
 [0.53532547 0.55277544 0.523302 ... 0.61088204 0.8062571 0.52604926]
 ...
 [0.5352708 0.5428815 0.52436787 ... 0.57346845 0.78988105 0.40286425]
 [0.53583324 0.5434327 0.5249025 ... 0.5736209 0.7902765 0.4020229]
 [0.53659326 0.54369205 0.52525616 ... 0.5778584 0.77431566 0.41158155]]",Padamasana
"[[0.6965626 0.27377856 0.7038624 ... 0.78494984 0.7681174 0.7927242]
 [0.7219459 0.27334812 0.7249379 ... 0.85621166 0.7700802 0.870767]
 [0.7201125 0.28060716 0.724953 ... 0.84361297 0.78466517 0.8523249]
 ...
 [0.72883105 0.16827035 0.72926325 ... 0.75214976 0.77522707 0.75787455]
 [0.72803897 0.16785833 0.7289918 ... 0.7502696 0.77452385 0.7584313]
 [0.7312055 0.16584039 0.7286578 ... 0.7528142 0.7753379 0.7581092]]",Shavasana
"[[0.17241931 0.588469 0.15841407 ... 0.60244673 0.8442245 0.5235117]
 [0.1710957 0.601328 0.15866302 ... 0.60149896 0.8317907 0.5364467]
 [0.1576343 0.60005873 0.14770329 ... 0.60988635 0.8344919 0.5328905]
 ...
 [0.17272969 0.6039851 0.16312078 ... 0.5977495 0.8470771 0.5413126]
 [0.16758698 0.6051587 0.1566903 ... 0.59945 0.84905976 0.542526]
 [0.16630001 0.60430557 0.15487903 ... 0.6001661 0.84803885 0.545427]]",Tadasana
"[[0.11504934 0.60512745 0.098219246 ... 0.7063394 0.7777802 0.51193595]
 [0.18684722 0.50604874 0.1641999 ... 0.77378064 0.79395103 0.39222336]
 [0.43596694 0.37525707 0.4162337 ... 0.7834771 0.7915204 0.3865956]
 ...
 [0.40509006 0.80579954 0.4188466 ... 0.7385689 0.7908002 0.36168274]
 [0.37632087 0.80273813 0.3918758 ... 0.73547083 0.7917974 0.36093482]
 [0.3761982 0.806536 0.39066923 ... 0.73400253 0.79100424 0.36129224]]",Trikonasana
"[[0.11277495 0.5230185 0.10029367 ... 0.55558985 0.73801225 0.4920393]
 [0.11706999 0.46537378 0.1016666 ... 0.56374943 0.74057895 0.4864492]
 [0.108171225 0.4592478 0.09464552 ... 0.5040944 0.7329172 0.48598835]
 ...
 [0.12590316 0.63406664 0.114155106 ... 0.57683194 0.57214445 0.55774856]
 [0.12642975 0.63316745 0.11463313 ... 0.5766742 0.57281905 0.55798346]
 [0.11428204 0.6087518 0.10412819 ... 0.5767644 0.7248618 0.49168423]]",Vrikshasana
"[[0.7863224 0.7368663 0.7748435 ... 0.2070759 0.7692096 0.18339625]
 [0.7753575 0.7479282 0.7611561 ... 0.2036587 0.7685947 0.18491557]
 [0.65775687 0.7286528 0.64283633 ... 0.21220447 0.769853 0.18500349]
 ...
 [0.5806235 0.63270843 0.5660474 ... 0.20929365 0.7739545 0.18519717]
 [0.5777771 0.643726 0.56344086 ... 0.21254937 0.7714659 0.18489113]
 [0.57587874 0.65475464 0.5596461 ... 0.21264681 0.77087927 0.18888785]]",Bhujangasana
"[[0.550602 0.46384957 0.53961 ... 0.4815256 0.8061194 0.41862544]
 [0.55052364 0.46407855 0.5395779 ... 0.48191902 0.8060841 0.41869766]
 [0.5504146 0.4645955 0.53983164 ... 0.48287416 0.80703926 0.4193148]
 ...
 [0.55397093 0.4711291 0.5426933 ... 0.46117905 0.79641324 0.42119858]
 [0.5545745 0.46961954 0.5431577 ... 0.46460843 0.7952135 0.42142802]
 [0.5548426 0.4702006 0.5431821 ... 0.48547456 0.7928088 0.42210674]]",Padamasana
"[[0.7169076 0.6694252 0.7278112 ... 0.1343176 0.76640284 0.13692522]
 [0.71601516 0.66847736 0.72717166 ... 0.13443121 0.7664156 0.13731001]
 [0.71621263 0.6682664 0.72724384 ... 0.1353211 0.76733464 0.13808377]
 ...
 [0.7153508 0.6693255 0.7263348 ... 0.1341257 0.76731575 0.13682543]
 [0.7158461 0.66970897 0.72643137 ... 0.13743839 0.76658547 0.13943411]
 [0.7165077 0.66972387 0.7273605 ... 0.13607408 0.76694185 0.13819647]]",Shavasana
"[[0.24883942 0.54683113 0.2349158 ... 0.55069506 0.8762006 0.51889795]
 [0.26889238 0.53591704 0.25407493 ... 0.55261725 0.87565655 0.516216]
 [0.22299446 0.5315684 0.21057846 ... 0.55571127 0.866912 0.50879043]
 ...
 [0.23034102 0.5362263 0.21784805 ... 0.5626917 0.86371857 0.5199517]
 [0.22642875 0.5377525 0.21443826 ... 0.56279284 0.86301064 0.5212791]
 [0.23405932 0.5405271 0.22166261 ... 0.5568234 0.86550677 0.51262826]]",Tadasana
"[[0.459621 0.67584825 0.47203442 ... 0.64940524 0.84458405 0.36841398]
 [0.46180508 0.671432 0.48411155 ... 0.64965785 0.8394804 0.36907202]
 [0.4606619 0.67082757 0.48250544 ... 0.64968765 0.8390748 0.36912188]
 ...
 [0.4507281 0.35851032 0.43581876 ... 0.65898293 0.8385016 0.37663537]
 [0.4499524 0.35842958 0.435361 ... 0.65922177 0.8394015 0.37653688]
 [0.44445992 0.35987362 0.43006697 ... 0.65934783 0.8397606 0.37475717]]",Trikonasana
"[[0.28173247 0.6203084 0.26880947 ... 0.5802783 0.662167 0.55908984]
 [0.28074774 0.61730236 0.26765195 ... 0.5786337 0.664324 0.5603678]
 [0.2807524 0.617279 0.26729733 ... 0.5799578 0.6635388 0.5626822]
 ...
 [0.28291148 0.49650154 0.26970798 ... 0.5261736 0.81491375 0.5116563]
 [0.28494492 0.49776772 0.27172056 ... 0.52534884 0.813991 0.51237464]
 [0.28562048 0.49709272 0.27233505 ... 0.5270496 0.81507635 0.51229185]]",Vrikshasana
"[[0.7703334 0.731904 0.7570584 ... 0.1966035 0.7482923 0.1858733]
 [0.7706738 0.73692614 0.75373 ... 0.20371743 0.75473887 0.19035429]
 [0.5891357 0.6509146 0.57728493 ... 0.1942301 0.7472089 0.18248674]
 ...
 [0.58334017 0.6497489 0.56968915 ... 0.19352949 0.76191723 0.17601474]
 [0.584417 0.6486716 0.5713015 ... 0.19365288 0.76063794 0.17581499]
 [0.58405125 0.64935815 0.5708177 ... 0.19363777 0.76115227 0.17420086]]",Bhujangasana
"[[0.5809743 0.60225594 0.567548 ... 0.5806613 0.87131983 0.4680844]
 [0.5847412 0.6010648 0.5694008 ... 0.59893405 0.8591486 0.47761497]
 [0.5796564 0.6012821 0.5661569 ... 0.59917885 0.86417395 0.59538496]
 ...
 [0.5871948 0.59853286 0.5704277 ... 0.60246754 0.86911917 0.47016913]
 [0.58802044 0.59790635 0.5707634 ... 0.60231984 0.8612391 0.5960374]
 [0.588666 0.5970659 0.57131034 ... 0.60326046 0.8602192 0.5980495]]",Padamasana
"[[0.7481511 0.7471149 0.74761003 ... 0.22759621 0.7636647 0.23198985]
 [0.7553135 0.7474161 0.75461805 ... 0.2280982 0.7628476 0.23359354]
 [0.760369 0.74789613 0.7580085 ... 0.22817284 0.7632304 0.23251766]
 ...
 [0.7563403 0.75498915 0.7538701 ... 0.2277659 0.7629091 0.23153217]
 [0.7575676 0.76004666 0.75539505 ... 0.22861557 0.7672349 0.22566919]
 [0.75854343 0.56190836 0.7600068 ... 0.22748981 0.7696617 0.23398896]]",Shavasana
"[[0.24090381 0.66818684 0.2301301 ... 0.6819691 0.8544113 0.6072462]
 [0.22154796 0.6734722 0.20933782 ... 0.6901542 0.8498405 0.6053053]
 [0.22032477 0.67998314 0.2085886 ... 0.6849915 0.85021126 0.61223555]
 ...
 [0.22092009 0.6640666 0.21055017 ... 0.6853583 0.85648346 0.60564905]
 [0.2228821 0.6678557 0.21182184 ... 0.68415177 0.85504997 0.6063741]
 [0.22162077 0.6659618 0.21151271 ... 0.68464243 0.85657704 0.6074073]]",Tadasana
"[[0.49420878 0.46074343 0.47791243 ... 0.76254106 0.8789094 0.49767494]
 [0.5247179 0.47070837 0.50306743 ... 0.7650789 0.8789034 0.49442846]
 [0.4973611 0.47640565 0.47888455 ... 0.7631779 0.8799202 0.494215]
 ...
 [0.5176222 0.8212994 0.51978 ... 0.75578094 0.8867482 0.4769794]
 [0.51201814 0.82019365 0.51516885 ... 0.75454175 0.88665277 0.4767576]
 [0.5072414 0.81718713 0.51098675 ... 0.754849 0.88536555 0.47820118]]",Trikonasana
"[[0.25585064 0.6134663 0.2434192 ... 0.638558 0.84607714 0.62446785]
 [0.25477386 0.6198713 0.24529518 ... 0.759255 0.846796 0.62455374]
 [0.25477502 0.6211105 0.24595307 ... 0.7510135 0.8473888 0.6261483]
 ...
 [0.2522254 0.61131 0.24326141 ... 0.73820394 0.846534 0.6236831]
 [0.25058427 0.61758524 0.24284972 ... 0.6379098 0.84776396 0.6231517]
 [0.25080943 0.6138007 0.24280758 ... 0.7377383 0.84776306 0.62375593]]",Vrikshasana
"[[0.6864472 0.72971785 0.67491406 ... 0.27004054 0.7625817 0.24806091]
 [0.60626185 0.71415955 0.5916887 ... 0.26704392 0.7754669 0.2423482]
 [0.60560244 0.7182233 0.5883682 ... 0.26898217 0.7744468 0.24375531]
 ...
 [0.6182755 0.7100197 0.6006038 ... 0.25783312 0.79370296 0.22745632]
 [0.6151858 0.7002052 0.5990697 ... 0.25635776 0.7930053 0.22693981]
 [0.61487174 0.7003893 0.5987811 ... 0.26071763 0.7925279 0.22961107]]",Bhujangasana
"[[0.5925474 0.55449224 0.58019173 ... 0.47327453 0.8601216 0.5401185]
 [0.58912015 0.5614557 0.57386696 ... 0.5145873 0.8720484 0.50545526]
 [0.57574004 0.55496246 0.5637347 ... 0.5431944 0.8639708 0.49212545]
 ...
 [0.58568597 0.5633768 0.5719996 ... 0.5851754 0.8608463 0.5234168]
 [0.5873036 0.5622605 0.5732885 ... 0.58716774 0.8588766 0.52080613]
 [0.5858016 0.55818915 0.57218695 ... 0.57192963 0.85600734 0.51618856]]",Padamasana
"[[0.74937856 0.74833304 0.75766236 ... 0.2036144 0.78929603 0.21313405]
 [0.77624 0.7627069 0.79218525 ... 0.19986722 0.7872058 0.21885613]
 [0.74499315 0.74690187 0.7542104 ... 0.20594181 0.78997314 0.21254127]
 ...
 [0.75418675 0.75397223 0.7643599 ... 0.20809802 0.7862448 0.22219145]
 [0.778334 0.7638185 0.79209656 ... 0.20978576 0.7895105 0.22491898]
 [0.6517654 0.58189875 0.63703966 ... 0.23711415 0.86485535 0.50849885]]",Shavasana
"[[0.30133453 0.68471855 0.28975275 ... 0.6984724 0.9110445 0.62320834]
 [0.27829155 0.6772737 0.26534286 ... 0.70417494 0.91228086 0.6185904]
 [0.28588274 0.6731012 0.27217415 ... 0.70226693 0.91136163 0.6207211]
 ...
 [0.28728917 0.69083846 0.2732767 ... 0.7021501 0.91407824 0.62183607]
 [0.28295717 0.68344486 0.26994854 ... 0.70297426 0.91435444 0.61947614]
 [0.27951634 0.67421126 0.26856282 ... 0.70190907 0.91304034 0.6188415]]",Tadasana
"[[0.4552511 0.78935295 0.46897486 ... 0.7230246 0.9005323 0.5072066]
 [0.51203287 0.8044757 0.5248832 ... 0.7219955 0.9048042 0.5042554]
 [0.48988748 0.7969961 0.50683147 ... 0.72394294 0.9026836 0.50436264]
 ...
 [0.45162636 0.48430282 0.4336942 ... 0.72634894 0.90249836 0.510899]
 [0.44663474 0.5036946 0.42887723 ... 0.72714555 0.9047452 0.51015234]
 [0.46208334 0.4988243 0.44632912 ... 0.72602916 0.9010349 0.51206017]]",Trikonasana
"[[0.30593845 0.57814914 0.29068005 ... 0.56396127 0.8861826 0.508605]
 [0.3116861 0.6403646 0.29946423 ... 0.57475007 0.71202916 0.55701625]
 [0.34899098 0.6308706 0.3332082 ... 0.58968985 0.8362249 0.680782]
 ...
 [0.29690674 0.48977137 0.2847219 ... 0.5330926 0.90914 0.5147464]
 [0.29687795 0.49180162 0.28594056 ... 0.5340417 0.9087498 0.51366657]
 [0.30634382 0.50963736 0.29256353 ... 0.5341697 0.9112719 0.51904696]]",Vrikshasana
"[[0.5872318 0.72445387 0.5719218 ... 0.21048242 0.7866855 0.18857369]
 [0.5859567 0.7250665 0.5709312 ... 0.21188702 0.7845933 0.18967798]
 [0.58461267 0.7250576 0.56985027 ... 0.21125068 0.78826094 0.18836309]
 ...
 [0.5802957 0.70182574 0.5625912 ... 0.2087858 0.7725879 0.19575538]
 [0.5797806 0.6996745 0.5609333 ... 0.20804302 0.7732845 0.19445923]
 [0.5811696 0.710936 0.564392 ... 0.20873277 0.77243906 0.19559653]]",Bhujangasana
"[[0.59207165 0.5497147 0.5762029 ... 0.5195758 0.865864 0.49469557]
 [0.5979523 0.55984795 0.58246315 ... 0.5129676 0.877006 0.40483415]
 [0.5966682 0.56124586 0.581978 ... 0.50447756 0.8780741 0.40561578]
 ...
 [0.59545493 0.5560856 0.5818867 ... 0.52012795 0.86328536 0.49678227]
 [0.59556323 0.5537534 0.58225435 ... 0.5200057 0.8616197 0.49601573]
 [0.59650797 0.5495712 0.5828916 ... 0.51859194 0.86581886 0.4929824]]",Padamasana
"[[0.7318265 0.7251414 0.7401206 ... 0.12653024 0.7845917 0.1427416]
 [0.73278993 0.7186478 0.7395054 ... 0.12873915 0.7857529 0.14274254]
 [0.7357401 0.72082186 0.7448273 ... 0.12682155 0.7844106 0.1364481]
 ...
 [0.72898054 0.708662 0.73979926 ... 0.13098498 0.78444326 0.14528386]
 [0.7256934 0.701075 0.73418295 ... 0.12342921 0.78443325 0.136315]
 [0.73641944 0.71758395 0.74365705 ... 0.1260503 0.7860165 0.13219383]]",Shavasana
"[[0.22068098 0.5899725 0.20870806 ... 0.60562885 0.8145963 0.54130906]
 [0.21960972 0.5854189 0.20830667 ... 0.60539097 0.8154668 0.54011625]
 [0.22068897 0.58569103 0.20980294 ... 0.6062047 0.81698525 0.5405456]
 ...
 [0.22788934 0.5778643 0.21624598 ... 0.60563916 0.81688577 0.54194015]
 [0.22802442 0.57835513 0.21637155 ... 0.605487 0.8176818 0.54206866]
 [0.23055895 0.58345187 0.21856877 ... 0.60579133 0.819054 0.54356307]]",Tadasana
"[[0.46826681 0.35121042 0.4494618 ... 0.71562654 0.82402056 0.31688362]
 [0.471123 0.3509394 0.45074052 ... 0.71547186 0.8239312 0.31867445]
 [0.47116655 0.34612554 0.45088866 ... 0.7157548 0.8309615 0.31871784]
 ...
 [0.5212563 0.67531234 0.5289942 ... 0.64083606 0.82554764 0.28366694]
 [0.52261245 0.6751423 0.52885914 ... 0.64705265 0.8290098 0.2824676]
 [0.5237484 0.67653316 0.530341 ... 0.644085 0.8284269 0.28466263]]",Trikonasana
"[[0.25303715 0.60349995 0.24226151 ... 0.5655581 0.6157901 0.5512662]
 [0.24853297 0.61220354 0.2384845 ... 0.5660982 0.6172347 0.55504566]
 [0.2510262 0.62014383 0.24198993 ... 0.5650549 0.6145874 0.5513565]
 ...
 [0.2515627 0.55043036 0.2420108 ... 0.56266993 0.84784186 0.5357682]
 [0.25136867 0.5578787 0.2423243 ... 0.56610966 0.8459602 0.54699135]
 [0.25060835 0.5536367 0.239262 ... 0.5660649 0.84206283 0.54663146]]",Vrikshasana
